<edificio tipo="E" versao="7.9.1">
  <gravado>false</gravado>
  <idCEMobile>1</idCEMobile>
  <coordX>-48.8254310513499</coordX>
  <coordY>-26.37122972491796</coordY>
  <codigoZona>NEUTRA</codigoZona>
  <nomeZona>NEUTRA</nomeZona>
  <localidade>JOINVILLE</localidade>
  <enderecoEdificio>
    <id>83810088</id>
    <logradouro>RUA JULIANO BUSARELLO, BOEHMERWALD, JOINVILLE, JOINVILLE, JOINVILLE - SC (2300390910)</logradouro>
    <numero_fachada>250bl1</numero_fachada>
    <cep>89235350</cep>
    <bairro>BOEHMERWALD</bairro>
    <id_roteiro>7749262</id_roteiro>
    <id_localidade>1880001</id_localidade>
    <cod_lograd>2300390910</cod_lograd>
  </enderecoEdificio>
  <tecnico>
    <id>1566098098</id>
    <nome>KLAYTON DIAS</nome>
  </tecnico>
  <empresa>
    <id>42541126</id>
    <nome>TELEMONT</nome>
  </empresa>
  <data>20230122110904</data>
  <totalUCs>101</totalUCs>
  <ocupacao>EDIFICACAOCOMPLETA</ocupacao>
  <redeInterna>S</redeInterna>
  <infoFotos>
    <fotoInteriorEdificio>foto preta_4.jpg</fotoInteriorEdificio>
    <fotoExteriorEdificio>foto preta_5.jpg</fotoExteriorEdificio>
    <fotoFachadaEdificio>foto preta_6.jpg</fotoFachadaEdificio>
  </infoFotos>
  <caixasEntrada>
    <caixaEntrada>
      <id>1</id>
      <dimensoes>
        <x>1000</x>
        <y>1000</y>
        <z>100</z>
      </dimensoes>
      <totalUCs>1</totalUCs>
      <piso>0</piso>
      <localizacao>Corredor</localizacao>
      <foto>foto preta.jpg</foto>
      <id_divisao_int>117</id_divisao_int>
      <entradasCabos>
        <entradaCabos>
          <tipo>Subterr&#226;nea</tipo>
          <comprimento>50</comprimento>
          <passagemFO>Menor que 1 cm</passagemFO>
        </entradaCabos>
      </entradasCabos>
      <alojamentos>
        <alojamento>
          <modelo>
            <id>10430</id>
            <descricao>FURUKAWA / 320 x 187 x 105 / CDOI 12 SC-APC</descricao>
          </modelo>
          <foto>foto preta_2.jpg</foto>
        </alojamento>
      </alojamentos>
      <prumadas>
        <prumada>
          <id>1</id>
          <idCE>1</idCE>
          <valoresPassagemFO>Menor que 1 cm</valoresPassagemFO>
          <totalUCs>101</totalUCs>
          <totalPisos>13</totalPisos>
          <id_divisao_int>117</id_divisao_int>
          <atendimento>D</atendimento>
          <distanciaCE>0</distanciaCE>
          <caixasPiso>
            <caixaPiso>
              <id>0</id>
              <piso>0</piso>
              <idPrumada>1</idPrumada>
              <dimensoes>
                <x>1000</x>
                <y>1000</y>
                <z>100</z>
              </dimensoes>
              <alojamentos>
                <alojamento>
                  <modelo>
                    <id>10488</id>
                    <descricao>FURUKAWA / 149 x 123 x 49 / CDOIA 12 (FURUKAWA)</descricao>
                  </modelo>
                  <foto>foto preta_3.jpg</foto>
                </alojamento>
              </alojamentos>
            </caixaPiso>
          </caixasPiso>
          <ucs>
            <uc>
              <id>2738591679</id>
              <destinacao>RESIDENCIA</destinacao>
              <id_complemento3>9</id_complemento3>
              <argumento3>100</argumento3>
              <id_complemento4>7</id_complemento4>
              <argumento4_logico>1</argumento4_logico>
              <argumento4_real>0</argumento4_real>
            </uc>
          <uc>
              <id>2738591680</id>
              <destinacao>RESIDENCIA</destinacao>
              <id_complemento3>9</id_complemento3>
              <argumento3>101</argumento3>
              <id_complemento4>7</id_complemento4>
              <argumento4_logico>1</argumento4_logico>
              <argumento4_real>0</argumento4_real>
            </uc><uc>
              <id>2738591681</id>
              <destinacao>RESIDENCIA</destinacao>
              <id_complemento3>9</id_complemento3>
              <argumento3>102</argumento3>
              <id_complemento4>7</id_complemento4>
              <argumento4_logico>1</argumento4_logico>
              <argumento4_real>0</argumento4_real>
            </uc><uc>
              <id>2738591682</id>
              <destinacao>RESIDENCIA</destinacao>
              <id_complemento3>9</id_complemento3>
              <argumento3>103</argumento3>
              <id_complemento4>7</id_complemento4>
              <argumento4_logico>1</argumento4_logico>
              <argumento4_real>0</argumento4_real>
            </uc><uc>
              <id>2738591683</id>
              <destinacao>RESIDENCIA</destinacao>
              <id_complemento3>9</id_complemento3>
              <argumento3>200</argumento3>
              <id_complemento4>7</id_complemento4>
              <argumento4_logico>2</argumento4_logico>
              <argumento4_real>1</argumento4_real>
            </uc><uc>
              <id>2738591684</id>
              <destinacao>RESIDENCIA</destinacao>
              <id_complemento3>9</id_complemento3>
              <argumento3>201</argumento3>
              <id_complemento4>7</id_complemento4>
              <argumento4_logico>2</argumento4_logico>
              <argumento4_real>1</argumento4_real>
            </uc><uc>
              <id>2738591685</id>
              <destinacao>RESIDENCIA</destinacao>
              <id_complemento3>9</id_complemento3>
              <argumento3>202</argumento3>
              <id_complemento4>7</id_complemento4>
              <argumento4_logico>2</argumento4_logico>
              <argumento4_real>1</argumento4_real>
            </uc><uc>
              <id>2738591686</id>
              <destinacao>RESIDENCIA</destinacao>
              <id_complemento3>9</id_complemento3>
              <argumento3>203</argumento3>
              <id_complemento4>7</id_complemento4>
              <argumento4_logico>2</argumento4_logico>
              <argumento4_real>1</argumento4_real>
            </uc><uc>
              <id>2738591687</id>
              <destinacao>RESIDENCIA</destinacao>
              <id_complemento3>9</id_complemento3>
              <argumento3>300</argumento3>
              <id_complemento4>7</id_complemento4>
              <argumento4_logico>3</argumento4_logico>
              <argumento4_real>2</argumento4_real>
            </uc><uc>
              <id>2738591688</id>
              <destinacao>RESIDENCIA</destinacao>
              <id_complemento3>9</id_complemento3>
              <argumento3>301</argumento3>
              <id_complemento4>7</id_complemento4>
              <argumento4_logico>3</argumento4_logico>
              <argumento4_real>2</argumento4_real>
            </uc><uc>
              <id>2738591689</id>
              <destinacao>RESIDENCIA</destinacao>
              <id_complemento3>9</id_complemento3>
              <argumento3>302</argumento3>
              <id_complemento4>7</id_complemento4>
              <argumento4_logico>3</argumento4_logico>
              <argumento4_real>2</argumento4_real>
            </uc><uc>
              <id>2738591690</id>
              <destinacao>RESIDENCIA</destinacao>
              <id_complemento3>9</id_complemento3>
              <argumento3>303</argumento3>
              <id_complemento4>7</id_complemento4>
              <argumento4_logico>3</argumento4_logico>
              <argumento4_real>2</argumento4_real>
            </uc><uc>
              <id>2738591691</id>
              <destinacao>RESIDENCIA</destinacao>
              <id_complemento3>9</id_complemento3>
              <argumento3>400</argumento3>
              <id_complemento4>7</id_complemento4>
              <argumento4_logico>4</argumento4_logico>
              <argumento4_real>3</argumento4_real>
            </uc><uc>
              <id>2738591692</id>
              <destinacao>RESIDENCIA</destinacao>
              <id_complemento3>9</id_complemento3>
              <argumento3>401</argumento3>
              <id_complemento4>7</id_complemento4>
              <argumento4_logico>4</argumento4_logico>
              <argumento4_real>3</argumento4_real>
            </uc><uc>
              <id>2738591693</id>
              <destinacao>RESIDENCIA</destinacao>
              <id_complemento3>9</id_complemento3>
              <argumento3>402</argumento3>
              <id_complemento4>7</id_complemento4>
              <argumento4_logico>4</argumento4_logico>
              <argumento4_real>3</argumento4_real>
            </uc><uc>
              <id>2738591694</id>
              <destinacao>RESIDENCIA</destinacao>
              <id_complemento3>9</id_complemento3>
              <argumento3>403</argumento3>
              <id_complemento4>7</id_complemento4>
              <argumento4_logico>4</argumento4_logico>
              <argumento4_real>3</argumento4_real>
            </uc></ucs>
        </prumada>
      </prumadas>
    </caixaEntrada>
  </caixasEntrada>
</edificio>