<?xml version="1.0" encoding="UTF-8"?><edificio tipo="E" versao="7.9.1">
  <gravado>false</gravado>
  <idCEMobile>1</idCEMobile>
  <coordX>-48.7486445</coordX>
  <coordY>-26.8705643</coordY>
  <codigoZona>NEUTRA</codigoZona>
  <nomeZona>NEUTRA</nomeZona>
  <localidade>SAO JOSE</localidade>
  <enderecoEdificio>
    <id>83810088</id>
    <logradouro>RUA EMERSON FERRARI, KOBRASOL, SAO JOSE, SAO JOSE - SC (2300188840)</logradouro>
    <numero_fachada>28</numero_fachada>
    <cep>88102060</cep>
    <bairro>KOBRASOL</bairro>
    <id_roteiro>7885266</id_roteiro>
    <id_localidade>1870729</id_localidade>
    <cod_lograd>2300188840</cod_lograd>
  </enderecoEdificio>
  <tecnico>
    <id>1566098098</id>
    <nome>KLAYTON DIAS</nome>
  </tecnico>
  <empresa>
    <id>42541126</id>
    <nome>TELEMONT</nome>
  </empresa>
  <data>20230122110904</data>
  <totalUCs>101</totalUCs>
  <ocupacao>EDIFICACAOEMCONSTRUCAO</ocupacao>
  <redeInterna>S</redeInterna>
  <infoFotos>
    <fotoInteriorEdificio>foto preta_4.jpg</fotoInteriorEdificio>
    <fotoExteriorEdificio>foto preta_5.jpg</fotoExteriorEdificio>
    <fotoFachadaEdificio>foto preta_6.jpg</fotoFachadaEdificio>
  </infoFotos>
  <caixasEntrada>
    <caixaEntrada>
      <id>1</id>
      <dimensoes>
        <x>1000</x>
        <y>1000</y>
        <z>100</z>
      </dimensoes>
      <totalUCs>101</totalUCs>
      <piso>0</piso>
      <localizacao>Corredor</localizacao>
      <foto>foto preta.jpg</foto>
      <id_divisao_int>117</id_divisao_int>
      <entradasCabos>
        <entradaCabos>
          <tipo>Subterrânea</tipo>
          <comprimento>50</comprimento>
          <passagemFO>Menor que 1 cm</passagemFO>
        </entradaCabos>
      </entradasCabos>
      <alojamentos>
        <alojamento>
          <modelo>
            <id>10430</id>
            <descricao>FURUKAWA / 320 x 187 x 105 / CDOI 12 SC-APC</descricao>
          </modelo>
          <foto>foto preta_2.jpg</foto>
        </alojamento>
      </alojamentos>
      <prumadas>
        <prumada>
          <id>1</id>
          <idCE>1</idCE>
          <valoresPassagemFO>Menor que 1 cm</valoresPassagemFO>
          <totalUCs>1</totalUCs>
          <totalPisos>1</totalPisos>
          <id_divisao_int>117</id_divisao_int>
          <atendimento>D</atendimento>
          <distanciaCE>0</distanciaCE>
          <caixasPiso>
            <caixaPiso>
              <id>0</id>
              <piso>0</piso>
              <idPrumada>1</idPrumada>
              <dimensoes>
                <x>1000</x>
                <y>1000</y>
                <z>100</z>
              </dimensoes>
              <alojamentos>
                <alojamento>
                  <modelo>
                    <id>10488</id>
                    <descricao>FURUKAWA / 149 x 123 x 49 / CDOIA 12 (FURUKAWA)</descricao>
                  </modelo>
                  <foto>foto preta_3.jpg</foto>
                </alojamento>
              </alojamentos>
            </caixaPiso>
          </caixasPiso>
          <ucs>
            <uc>
              <id>2738591678</id>
              <destinacao>RESIDENCIA</destinacao>
              <id_complemento3>9</id_complemento3>
              <argumento3>1001</argumento3>
              <id_complemento4>7</id_complemento4>
              <argumento4_logico>10</argumento4_logico>
              <argumento4_real>10</argumento4_real>
            </uc>
          </ucs>
        </prumada>
      </prumadas>
    </caixaEntrada>
  </caixasEntrada>
</edificio>
