<edificio versao="7.8.1" autorizacao="3b33825972febe49591b48a9e8e6abb" tipo="M">
  <gravado>false</gravado>
  <idCEMobile>1</idCEMobile>
  <coordX>-48.51090197</coordX>
  <coordY>-27.75692462</coordY>
  <codigoZona>CPCE-30</codigoZona>
  <nomeZona>CPCE-30</nomeZona>
  <localidade>ARMACAO DO PANTANO DO SUL</localidade>
  <enderecoEdificio>
    <logradouro>RODOVIA FRANCISCO THOMAS SANTOS, ARMACAO PANTANO SUL, FLORIANOPOLIS, ARMACAO DO PANTANO DO SUL, FLORIANOPOLIS - SC (2310094580)</logradouro>
    <numero_fachada>115</numero_fachada>
    <cep>88066260</cep>
    <bairro>ARMACAO PANTANO SUL</bairro>
    <id_roteiro>7748332</id_roteiro>
    <id_localidade>1860758</id_localidade>
    <cod_lograd>2310094580</cod_lograd>
  </enderecoEdificio>
  <tecnico>
    <id>1566098098</id>
    <nome>KLAYTON DIAS</nome>
  </tecnico>
  <empresa>
    <id>42541126</id>
    <nome>TELEMONT</nome>
  </empresa>
  <data>20200824091252</data>
  <totalUCs>1</totalUCs>
  <ocupacao>EDIFICACAOCOMPLETA</ocupacao>
  <numPisos>1</numPisos>
  <destinacao>RESIDENCIA</destinacao>
</edificio>