<edificio versao="7.8.1" autorizacao="3b33825972febe49591b48a9e8e6abb" tipo="M">
  <gravado>false</gravado>
  <idCEMobile>1</idCEMobile>
  <coordX>-48.50068471</coordX>
  <coordY>-27.74198125</coordY>
  <codigoZona>NEUTRA</codigoZona>
  <nomeZona>NEUTRA</nomeZona>
  <localidade>ARMACAO DO PANTANO DO SUL</localidade>
  <enderecoEdificio>
    <logradouro>SERVIDAO DO CICERO, ARM PANTANO SUL, FLORIANOPOLIS, ARMACAO DO PANTANO DO SUL, FLORIANOPOLIS - SC (2310092350)</logradouro>
    <numero_fachada>102</numero_fachada>
    <id_complemento1>22</id_complemento1>
    <argumento1>3</argumento1>
    <cep>88066515</cep>
    <bairro>ARM PANTANO SUL</bairro>
    <id_roteiro>7734652</id_roteiro>
    <id_localidade>1860758</id_localidade>
    <cod_lograd>2310092350</cod_lograd>
  </enderecoEdificio>
  <tecnico>
    <id>1566098098</id>
    <nome>KLAYTON DIAS</nome>
  </tecnico>
  <empresa>
    <id>42541126</id>
    <nome>TELEMONT</nome>
  </empresa>
  <data>20200824091252</data>
  <totalUCs>1</totalUCs>
  <ocupacao>EDIFICACAOCOMPLETA</ocupacao>
  <numPisos>1</numPisos>
  <destinacao>RESIDENCIA</destinacao>
</edificio>