<edificio versao="7.8.1" autorizacao="3b33825972febe49591b48a9e8e6abb" tipo="M">
  <gravado>false</gravado>
  <idCEMobile>1</idCEMobile>
  <coordX>-54.5591082</coordX>
  <coordY>-20.4330906</coordY>
  <codigoZona>CPCE-30</codigoZona>
  <nomeZona>CPCE-30</nomeZona>
  <localidade>CAMPO GRANDE</localidade>
  <enderecoEdificio>
    <logradouro>RUA TAPAJOS</logradouro>
    <numero_fachada>5</numero_fachada>
    <cep>79022210</cep>
    <bairro>VILA RICA</bairro>
    <id_roteiro>6712779</id_roteiro>
    <id_localidade>1853370</id_localidade>
    <cod_lograd>2500055300</cod_lograd>
  </enderecoEdificio>
  <tecnico>
    <id>1566098098</id>
    <nome>KLAYTON DIAS</nome>
  </tecnico>
  <empresa>
    <id>42541126</id>
    <nome>TELEMONT</nome>
  </empresa>
  <data>20200824091252</data>
  <totalUCs>1</totalUCs>
  <ocupacao>EDIFICACAOCOMPLETA</ocupacao>
  <numPisos>1</numPisos>
  <destinacao>RESIDENCIA</destinacao>
</edificio>